Source, Target
d491d396-394e-4658-b808-92e706bee935, 91e68571-f433-4be2-8b47-17b02ae860c6
d491d396-394e-4658-b808-92e706bee935, 62ff205e-6118-4256-aec6-76e3c17be7a5
d491d396-394e-4658-b808-92e706bee935, 1467b818-630a-41b1-8212-9a924589a5c9
d491d396-394e-4658-b808-92e706bee935, 8b9c7cdc-a840-46cd-a5ac-4415361b761e
d491d396-394e-4658-b808-92e706bee935, e99a04e6-8621-44ec-b556-dcc0b4c44fe8
d491d396-394e-4658-b808-92e706bee935, ecbefce6-1305-478a-92e4-2fcb085c9851
d491d396-394e-4658-b808-92e706bee935, 3bc84274-8c53-4345-8b58-a86b4706592a
d491d396-394e-4658-b808-92e706bee935, d491d396-394e-4658-b808-92e706bee935
ecbefce6-1305-478a-92e4-2fcb085c9851, b226276d-6a56-4338-9d2a-f1074d251827
e99a04e6-8621-44ec-b556-dcc0b4c44fe8, aa1bff6d-8963-47ce-bbf3-69271acf56bc
85c3ffb8-63c0-4ee1-8701-05a05d7b5736, 2470b928-6319-455b-ab5d-29bbb9edd0c2
e99a04e6-8621-44ec-b556-dcc0b4c44fe8, dcab93a0-e883-4400-a802-5075f14c4e9a
e99a04e6-8621-44ec-b556-dcc0b4c44fe8, 66fef3ed-4769-43e3-afdb-1825fce9c0e5
e99a04e6-8621-44ec-b556-dcc0b4c44fe8, aad3f795-cb85-42a8-bb06-a1f99e4c1d76
e99a04e6-8621-44ec-b556-dcc0b4c44fe8, 8ca579ff-e7bd-422a-824a-c753db6d893a
f996e689-94f8-46cd-87b3-bc4ea35a3821, f95c886b-3ac4-46fd-88fa-37d1d2152a86
92d06400-8761-46d1-8a73-bdb26db70ac1, b068eb64-c388-40ed-968f-6217a243213a
62ff205e-6118-4256-aec6-76e3c17be7a5, 520aabad-dc6c-4175-a0c0-86ed6234ea94
e99a04e6-8621-44ec-b556-dcc0b4c44fe8, 20129fd4-6923-40c2-9e5f-e438ff23ab90
e99a04e6-8621-44ec-b556-dcc0b4c44fe8, b6107b37-b408-4c9f-a4bb-8f93255e2be1
e99a04e6-8621-44ec-b556-dcc0b4c44fe8, 3f9bb910-ddc8-4011-bad6-16e6562f4b0a
e99a04e6-8621-44ec-b556-dcc0b4c44fe8, 36a6881c-66e4-4d46-bef9-921676f317b2
f857ba99-15b1-4e56-a144-62e199346e13, a298c0ff-6b62-4919-8537-415eb69d6fa4
f13dc44d-715f-4816-9f1d-95c53608c9ae, f857ba99-15b1-4e56-a144-62e199346e13
62ff205e-6118-4256-aec6-76e3c17be7a5, 777ed631-7f26-42f5-b41c-6495a5532baa
e99a04e6-8621-44ec-b556-dcc0b4c44fe8, 436b544a-7a8f-4a34-a40a-a5650ec93d36
f13dc44d-715f-4816-9f1d-95c53608c9ae, 229e1b88-4cfc-45cc-9ebe-1731f3422c07
777ed631-7f26-42f5-b41c-6495a5532baa, 93d8b393-c6a5-40e1-b3cc-332c797f57d9
f13dc44d-715f-4816-9f1d-95c53608c9ae, 0b69b144-c48a-4e49-b675-81846cf07544
e32f1394-11fb-44a9-b9f4-39f0b954e8bc, a9f43076-e88b-4819-b7fb-f20fa0093d6f
e32f1394-11fb-44a9-b9f4-39f0b954e8bc, e32f1394-11fb-44a9-b9f4-39f0b954e8bc
666907c0-08c9-478d-8a6c-75f5b3d4991a, f13dc44d-715f-4816-9f1d-95c53608c9ae
92d06400-8761-46d1-8a73-bdb26db70ac1, 75c56b81-6b4e-4b3e-aa41-45b26d94ea65
e99a04e6-8621-44ec-b556-dcc0b4c44fe8, 666907c0-08c9-478d-8a6c-75f5b3d4991a
842ce135-c0cf-4ef8-85d3-c38f9e2172b2, 92d06400-8761-46d1-8a73-bdb26db70ac1
92d06400-8761-46d1-8a73-bdb26db70ac1, 842ce135-c0cf-4ef8-85d3-c38f9e2172b2
92d06400-8761-46d1-8a73-bdb26db70ac1, ba48a5a8-a642-43f9-bab8-ca986bb69e00
d491d396-394e-4658-b808-92e706bee935, cca462ee-f958-4818-87f5-ed57d6cb5ff8
d491d396-394e-4658-b808-92e706bee935, 85c3ffb8-63c0-4ee1-8701-05a05d7b5736
d491d396-394e-4658-b808-92e706bee935, 6fd72c55-016b-48ae-8bbb-d43014e577ca
d491d396-394e-4658-b808-92e706bee935, 72c348d3-803f-4a4b-8314-17f940bbd47e
d491d396-394e-4658-b808-92e706bee935, f996e689-94f8-46cd-87b3-bc4ea35a3821
d491d396-394e-4658-b808-92e706bee935, 56c6da1b-c3b5-4aa4-a7c8-c0d95b18546a
d491d396-394e-4658-b808-92e706bee935, e4d27164-6eea-4006-8436-cf73358c4cd3
d491d396-394e-4658-b808-92e706bee935, 40958f6c-4048-485e-b4a0-fcdd83de8d58
d491d396-394e-4658-b808-92e706bee935, 20e43319-44fa-4efc-a3ae-7b0b240ead69
62ff205e-6118-4256-aec6-76e3c17be7a5, f3a4035f-f5ac-4324-a6d4-71d5859d4ea3
62ff205e-6118-4256-aec6-76e3c17be7a5, 1ac1d31e-8220-4f48-ba72-152d68bc0e04
62ff205e-6118-4256-aec6-76e3c17be7a5, aef49d45-8d4a-4972-8597-19db40242d13
62ff205e-6118-4256-aec6-76e3c17be7a5, 4a62bc09-c208-4272-adbf-ba28ca15f016
62ff205e-6118-4256-aec6-76e3c17be7a5, 02d33ab2-ac07-46b4-8fbd-c98d1393f12b
62ff205e-6118-4256-aec6-76e3c17be7a5, 9996b59b-ec69-47a1-b5ae-b623c2f1e181
62ff205e-6118-4256-aec6-76e3c17be7a5, 2ca742ca-5801-4ff1-b27a-59ab48c1970d
62ff205e-6118-4256-aec6-76e3c17be7a5, 84bc1dcf-6708-4786-a168-996a255305fa
62ff205e-6118-4256-aec6-76e3c17be7a5, 7dcd93b1-2ecc-4455-b4f9-fd4b3660fe61
62ff205e-6118-4256-aec6-76e3c17be7a5, a4119661-2114-4e27-981c-194c1dbe9aaf
62ff205e-6118-4256-aec6-76e3c17be7a5, 28172fb2-5ba9-45c9-8f7c-5293b2f99097
62ff205e-6118-4256-aec6-76e3c17be7a5, 79856ea9-a9cf-43eb-bc04-a1308a250033
62ff205e-6118-4256-aec6-76e3c17be7a5, b21cd657-a466-4f69-b26f-06c6f25029cb
62ff205e-6118-4256-aec6-76e3c17be7a5, 761a7334-066b-4588-a4e5-7012fc20f1fc
62ff205e-6118-4256-aec6-76e3c17be7a5, a033b8f1-2967-4a4a-b2ae-c5c7337cba61
62ff205e-6118-4256-aec6-76e3c17be7a5, 96dd62c7-ff9d-4660-a150-ecc61b692e61
62ff205e-6118-4256-aec6-76e3c17be7a5, 441bafd4-9039-4c07-ae10-3d94152563a0
62ff205e-6118-4256-aec6-76e3c17be7a5, 84566717-5730-4882-82f4-dac20cecfe79
d491d396-394e-4658-b808-92e706bee935, 1f67bbf4-f7a6-40ff-bb7f-a9477a3f3704
d491d396-394e-4658-b808-92e706bee935, 3025a33e-6e69-490b-8f8a-810bbe847449
d491d396-394e-4658-b808-92e706bee935, 81142494-6939-4f7a-826f-0c9af6fabd6e
d491d396-394e-4658-b808-92e706bee935, 9f52cb19-9833-404a-adba-1dc0f7dda204
d491d396-394e-4658-b808-92e706bee935, 70f067ea-0c4f-4e6e-8b28-2b4d78a6c31c
1467b818-630a-41b1-8212-9a924589a5c9, c6c924df-faa4-4da5-a62f-0573725bac22
1467b818-630a-41b1-8212-9a924589a5c9, cd1b9abe-c1f6-421b-b8ce-52db40f6a769
1467b818-630a-41b1-8212-9a924589a5c9, a9e7c2ba-d7d2-4105-81e1-ab0ec9d79e0b
1467b818-630a-41b1-8212-9a924589a5c9, 10043aa1-d191-4d44-8c0c-17b4d97aa8a6
1467b818-630a-41b1-8212-9a924589a5c9, f47f6a05-6432-44f6-bc40-fd2f662719b1
1467b818-630a-41b1-8212-9a924589a5c9, 29fb33b1-279a-49b6-a662-f927ef5d029f
1467b818-630a-41b1-8212-9a924589a5c9, a8c9c91c-fcb2-4bc6-a68b-ee7047841a9f
1467b818-630a-41b1-8212-9a924589a5c9, 49174787-875b-48f7-8eb0-deb845939f7a
1467b818-630a-41b1-8212-9a924589a5c9, 18af7c9e-ab4c-4ec2-8d0e-364522754726
1467b818-630a-41b1-8212-9a924589a5c9, 5a88a92e-7677-4521-a6fe-1560bd174e0b
1467b818-630a-41b1-8212-9a924589a5c9, 162b85da-a3d2-4568-a4b0-04dbb1f8ea84
1467b818-630a-41b1-8212-9a924589a5c9, 4878171b-77f8-4c3d-8f9f-f2a69b3185c0
1467b818-630a-41b1-8212-9a924589a5c9, 81a41f51-3c84-4f1a-8e0d-fae1b4571767
1467b818-630a-41b1-8212-9a924589a5c9, 624c8cd8-73ea-4b44-81ba-0b0ed33afe16
1467b818-630a-41b1-8212-9a924589a5c9, e247d890-bf8e-4cc3-87f0-c48626b84ccb
1467b818-630a-41b1-8212-9a924589a5c9, c2da3ad8-44db-4b1d-a583-6e1419d20741
1467b818-630a-41b1-8212-9a924589a5c9, 7f631d77-fe60-4aaa-bb61-ae338b958a65
1467b818-630a-41b1-8212-9a924589a5c9, 8d845a61-e1d8-4374-8063-d33faeddf66c
8b9c7cdc-a840-46cd-a5ac-4415361b761e, 91480101-263a-4ce5-a02e-884735e44c11
ecbefce6-1305-478a-92e4-2fcb085c9851, e055cbf6-9f24-45ee-8100-cb19d902455d
e99a04e6-8621-44ec-b556-dcc0b4c44fe8, 19a30546-c5d8-4d87-a376-e33d841fa728
8b9c7cdc-a840-46cd-a5ac-4415361b761e, 26a024d4-d75d-4b98-b482-74e948cbbcb3
8b9c7cdc-a840-46cd-a5ac-4415361b761e, 48f7c2ef-8b35-46ef-9d10-0d0f2bda7b89
8b9c7cdc-a840-46cd-a5ac-4415361b761e, e17894b6-c13a-42f9-ba76-8deb33355760
8b9c7cdc-a840-46cd-a5ac-4415361b761e, 5701bbfa-67cf-4b64-bc6e-6ae3335688c4
8b9c7cdc-a840-46cd-a5ac-4415361b761e, 7f1c52c2-dd91-495f-bb75-0da1e8f737e8
8b9c7cdc-a840-46cd-a5ac-4415361b761e, fb5710d7-c62f-423e-a76b-73ced996be7c
8b9c7cdc-a840-46cd-a5ac-4415361b761e, ea65aac5-99fe-41ab-a0db-690273d88cdb
8b9c7cdc-a840-46cd-a5ac-4415361b761e, 8d7e4fb6-d269-456a-b2a2-bace78366dea
8b9c7cdc-a840-46cd-a5ac-4415361b761e, b1efccca-0e44-40d8-beab-aa76f9f4b416
e99a04e6-8621-44ec-b556-dcc0b4c44fe8, 49b0348c-cb01-4a5f-a4b6-05f9099261d5
e99a04e6-8621-44ec-b556-dcc0b4c44fe8, 56bbfedc-fee6-4f34-9c6c-9261c5b5ff98
e99a04e6-8621-44ec-b556-dcc0b4c44fe8, 56fa61a0-821f-4066-8167-2875e8a3260b
e99a04e6-8621-44ec-b556-dcc0b4c44fe8, 4879cbbf-477d-492d-9b7f-51551969422a
e99a04e6-8621-44ec-b556-dcc0b4c44fe8, 0c5e810d-5dc8-4b5b-8498-4551c7eb8d40
e99a04e6-8621-44ec-b556-dcc0b4c44fe8, 7d8f418d-0a8b-4cb8-a742-6015fc79a586
ecbefce6-1305-478a-92e4-2fcb085c9851, e9ba1aa0-04c7-436d-b30c-94bf37860e29
ecbefce6-1305-478a-92e4-2fcb085c9851, df64c841-79ac-4423-8d3d-456f448ca36d
ecbefce6-1305-478a-92e4-2fcb085c9851, b76a69de-5c91-4914-872e-e4dc385d0c19
ecbefce6-1305-478a-92e4-2fcb085c9851, d18e96a9-789f-4ce0-b06e-67b1c097f94c
ecbefce6-1305-478a-92e4-2fcb085c9851, feac9cf1-d080-41d7-b655-0f1291f8295d
ecbefce6-1305-478a-92e4-2fcb085c9851, be918d41-468e-4696-bb6e-842b51e51f4e
ecbefce6-1305-478a-92e4-2fcb085c9851, 92075558-3c32-41dd-a8f5-735234558413
ecbefce6-1305-478a-92e4-2fcb085c9851, 6ba1ee85-d68b-4dc5-99e1-ca1199d343e9
ecbefce6-1305-478a-92e4-2fcb085c9851, 9934c164-b697-4600-98b8-9fcce4b06043
ecbefce6-1305-478a-92e4-2fcb085c9851, c761a713-435b-48c2-9f2d-e4c5f24df9a8
ecbefce6-1305-478a-92e4-2fcb085c9851, 62198f0f-3df5-4b70-af65-7a4ab6378f2a
ecbefce6-1305-478a-92e4-2fcb085c9851, 24f0d9bd-7892-4c0c-8eba-0951503fd6fa
ecbefce6-1305-478a-92e4-2fcb085c9851, c675eb5f-ab41-49e8-97c3-996a1bb694e2
ecbefce6-1305-478a-92e4-2fcb085c9851, 9f8012ce-6d23-47cf-80a1-ae56e7c5df84
ecbefce6-1305-478a-92e4-2fcb085c9851, 6859f17a-8cae-44bd-bb27-c77d2aa4b331
ecbefce6-1305-478a-92e4-2fcb085c9851, 02c528d7-f10e-4562-86e5-21979832c120
ecbefce6-1305-478a-92e4-2fcb085c9851, 9ed7013b-db66-46eb-9808-d3517bfceb4b
ecbefce6-1305-478a-92e4-2fcb085c9851, 33932f70-ad19-449c-b6fc-0faae22c9b6c
ecbefce6-1305-478a-92e4-2fcb085c9851, 67c39769-d778-46a9-a0b1-4eee8e50d09d
ecbefce6-1305-478a-92e4-2fcb085c9851, e247cb91-622c-4cb3-92f8-cc986157b307
ecbefce6-1305-478a-92e4-2fcb085c9851, b72b1179-6870-43aa-b9fe-91e793a36f3a
ecbefce6-1305-478a-92e4-2fcb085c9851, bd359eb2-eb8f-431f-b11f-e22121985d8a
ecbefce6-1305-478a-92e4-2fcb085c9851, 86df18a0-37cc-42fc-98d0-1ba6ff5a63b4
ecbefce6-1305-478a-92e4-2fcb085c9851, 9c88b8df-e2d1-4479-82bf-c41a98cbe1c3
ecbefce6-1305-478a-92e4-2fcb085c9851, 0f0725c3-7112-422d-8530-1e440af41941
ecbefce6-1305-478a-92e4-2fcb085c9851, a62d5857-7f68-47f1-9294-b1245455cdf2
ecbefce6-1305-478a-92e4-2fcb085c9851, 9d3c9cc5-17d6-4a52-b23c-7138ae55abde
3bc84274-8c53-4345-8b58-a86b4706592a, 9089a8ba-e1db-4bc1-a34f-cc9c4194099e
d491d396-394e-4658-b808-92e706bee935, d3aee210-2408-424d-87e8-1ff6bad948e5
3bc84274-8c53-4345-8b58-a86b4706592a, 6f57e7b4-66e7-4a3a-8bd2-aa9f2256d08e
d491d396-394e-4658-b808-92e706bee935, 980be3da-cb69-4a71-8322-4e4c7b57d85f
d491d396-394e-4658-b808-92e706bee935, 5a51d7e8-5996-4c80-9287-f531528599f0
d491d396-394e-4658-b808-92e706bee935, 609d42ce-3525-4b9c-99c2-9de252185646
d491d396-394e-4658-b808-92e706bee935, 165bfdea-f05c-4d7e-ab3d-3bf8beab43ce
d491d396-394e-4658-b808-92e706bee935, b4d94c98-c223-491a-a6fe-97edf2e0fe2c
3bc84274-8c53-4345-8b58-a86b4706592a, de41f98d-8de8-4377-b92e-cab4592bd92b
3bc84274-8c53-4345-8b58-a86b4706592a, 4f794196-fe83-4bc8-a946-7a0bdca4c262
d491d396-394e-4658-b808-92e706bee935, 19542bd0-c3c4-4b66-a756-0503b4e533ed
d491d396-394e-4658-b808-92e706bee935, 1ec3c8c5-eb47-48e9-bd5a-589a7e58f647
d491d396-394e-4658-b808-92e706bee935, 2610ccfc-2ba1-4970-8214-00492231e052
3bc84274-8c53-4345-8b58-a86b4706592a, 8af63800-aaab-4a31-a04d-4661136095f2
3bc84274-8c53-4345-8b58-a86b4706592a, 91f11a3a-b441-4765-b88e-b943cab17abd
3bc84274-8c53-4345-8b58-a86b4706592a, b6bb2f6d-2ef4-4c7f-958e-547e6c15db55
d491d396-394e-4658-b808-92e706bee935, f5fe525c-7873-4f6c-b7ac-52be7f0d0821
d491d396-394e-4658-b808-92e706bee935, 414230f7-0a45-49ea-8c06-c98a2651ff5a
d491d396-394e-4658-b808-92e706bee935, 64f20548-58e6-4ad3-b287-3f89ced33cf9
d491d396-394e-4658-b808-92e706bee935, 32d244c0-b208-4a25-8033-8661623f1896
d491d396-394e-4658-b808-92e706bee935, 5aaa8c57-d13b-4d48-a5be-e32911458111
d491d396-394e-4658-b808-92e706bee935, cb32b0b5-164b-4a89-b282-b6eb3d077ca6
92d06400-8761-46d1-8a73-bdb26db70ac1, 7f17a0c8-365f-4cf4-8bd6-07105e831029
92d06400-8761-46d1-8a73-bdb26db70ac1, 807135cc-7222-4276-b2ac-80c549bb4ea4
92d06400-8761-46d1-8a73-bdb26db70ac1, b9af9129-98fd-4715-b0cd-fa863da92837
92d06400-8761-46d1-8a73-bdb26db70ac1, 116625d0-9c7e-493f-a688-b8ad1456b1ca
842ce135-c0cf-4ef8-85d3-c38f9e2172b2, ee8affe6-44bc-4bf7-b24e-20682b713cc2
b226276d-6a56-4338-9d2a-f1074d251827, f4ef89c1-94f0-49e5-b226-5830070e341b
b226276d-6a56-4338-9d2a-f1074d251827, 789f6674-a6f6-433f-8b31-044c1f420aa4
b226276d-6a56-4338-9d2a-f1074d251827, 122e517e-aacc-41f9-aaaa-bb0f33e5dbc0
dcab93a0-e883-4400-a802-5075f14c4e9a, 8ec3c49d-fcd3-4e42-8e06-3e3f6348aca2
b226276d-6a56-4338-9d2a-f1074d251827, bc99175f-83fa-47a7-b9eb-bf67e81c26f8
b226276d-6a56-4338-9d2a-f1074d251827, 4a8f9c06-23c2-4bfc-aaf9-8c073d2e93af
b226276d-6a56-4338-9d2a-f1074d251827, 2e771ca9-26ee-4fe9-b5bc-273dcdbef628
842ce135-c0cf-4ef8-85d3-c38f9e2172b2, 6ea80905-e702-44c5-adbd-3f0804a914c3
842ce135-c0cf-4ef8-85d3-c38f9e2172b2, b06bf66c-856f-4e3d-86f5-2a66566b18c0
aa1bff6d-8963-47ce-bbf3-69271acf56bc, fa7dc4b0-b070-411c-9091-636a4dfa8329
aa1bff6d-8963-47ce-bbf3-69271acf56bc, d237666b-bbc1-4952-98ed-b5652a08bcd3
aa1bff6d-8963-47ce-bbf3-69271acf56bc, 568352a9-52bb-44f5-98e7-31d3b2d3f4ff
aa1bff6d-8963-47ce-bbf3-69271acf56bc, 4f9c50d5-1057-447c-a7e6-376eb38f66a1
a298c0ff-6b62-4919-8537-415eb69d6fa4, c3306410-821f-4cba-baa0-07fdaaffea47
2470b928-6319-455b-ab5d-29bbb9edd0c2, d5926dcf-937f-4157-b6d1-184577e06ad0
2470b928-6319-455b-ab5d-29bbb9edd0c2, a0f4e824-5d94-4752-8f8c-ca1e6af668fa
2470b928-6319-455b-ab5d-29bbb9edd0c2, a6ec196d-3b96-4902-9282-113f9ac0e93a
2470b928-6319-455b-ab5d-29bbb9edd0c2, e6711b22-c2f4-4944-bd26-b708ab66be36
2470b928-6319-455b-ab5d-29bbb9edd0c2, 43e3c8cd-cf23-4ad3-a626-ed6e220c92c3
2470b928-6319-455b-ab5d-29bbb9edd0c2, c4783248-eedd-4ab3-a3c5-af73598bb574
2470b928-6319-455b-ab5d-29bbb9edd0c2, fb41b5d2-56b5-4c77-ae4c-e545e0f7b889
2470b928-6319-455b-ab5d-29bbb9edd0c2, e9b145ab-aa3f-4099-949d-8a9997a3b8b2
842ce135-c0cf-4ef8-85d3-c38f9e2172b2, 75b567bc-e498-4e5e-87e7-e544a90be15a
dcab93a0-e883-4400-a802-5075f14c4e9a, bf49672d-414e-4735-9b4d-5d38b648445f
dcab93a0-e883-4400-a802-5075f14c4e9a, 312fdd4c-f250-4686-a9bd-734153993f3c
dcab93a0-e883-4400-a802-5075f14c4e9a, 665f68dd-61ee-40e3-9a4a-6c2aabb7ac2a
dcab93a0-e883-4400-a802-5075f14c4e9a, 1459114b-4538-4a39-ab51-f41924f0e624
dcab93a0-e883-4400-a802-5075f14c4e9a, 82c6b6ff-3d9c-4809-90f7-c2a9a61fdccc
dcab93a0-e883-4400-a802-5075f14c4e9a, 32991acc-bd53-43cb-852f-ce8781aa12a9
dcab93a0-e883-4400-a802-5075f14c4e9a, 9d793ad3-765a-4bca-9093-cf96f5ad2af7
f13dc44d-715f-4816-9f1d-95c53608c9ae, 3323dbf6-04bb-408c-b8ad-550a237cb26d
dcab93a0-e883-4400-a802-5075f14c4e9a, f177153c-0516-4df7-acd2-78417d1eb9d3
dcab93a0-e883-4400-a802-5075f14c4e9a, 64854bf1-cbdf-46b7-be25-c47aea81e5a8
dcab93a0-e883-4400-a802-5075f14c4e9a, 2510848e-64c4-45b4-804f-8063428b3085
dcab93a0-e883-4400-a802-5075f14c4e9a, d9d96b5b-df56-41cd-84d0-7c5fdfac4680
dcab93a0-e883-4400-a802-5075f14c4e9a, 968d0430-9ded-4419-94b8-f52d49dc9292
66fef3ed-4769-43e3-afdb-1825fce9c0e5, e0de4631-aa79-430a-af24-792c506e32fd
66fef3ed-4769-43e3-afdb-1825fce9c0e5, 25682452-05f1-47df-be07-06bdd5daa90b
666907c0-08c9-478d-8a6c-75f5b3d4991a, a289cdce-44f7-4801-a2d4-23fed1948fc9
66fef3ed-4769-43e3-afdb-1825fce9c0e5, d85c1601-6cbd-4406-9138-078a61a0501c
66fef3ed-4769-43e3-afdb-1825fce9c0e5, eb141a5c-8df4-4dce-a034-c0b821ecba33
66fef3ed-4769-43e3-afdb-1825fce9c0e5, 8248ed4d-fa1e-4765-9d2b-1c452311a7c6
66fef3ed-4769-43e3-afdb-1825fce9c0e5, e1a29e0b-e527-4e37-bb1e-4b4376d0ef20
aad3f795-cb85-42a8-bb06-a1f99e4c1d76, 79ade4a3-37be-41af-9fdb-28629ad96a25
aad3f795-cb85-42a8-bb06-a1f99e4c1d76, 07fbde44-e797-4505-ad4d-2d24ebf574c0
aad3f795-cb85-42a8-bb06-a1f99e4c1d76, 67562cb0-e0e1-4ad7-8704-c8b9b320583a
aad3f795-cb85-42a8-bb06-a1f99e4c1d76, f20405c3-be2f-428e-b81a-da2b0e9a756c
aad3f795-cb85-42a8-bb06-a1f99e4c1d76, cbd777df-27bb-4780-842f-c3d17a5a5e55
aad3f795-cb85-42a8-bb06-a1f99e4c1d76, 1e26fdc3-3a18-433c-87c5-72a1e2856a98
aad3f795-cb85-42a8-bb06-a1f99e4c1d76, 8ac9b8d8-757b-4a49-a856-44816718e662
aad3f795-cb85-42a8-bb06-a1f99e4c1d76, 1c6aa312-8b7e-4297-8ecd-09ae93ac3879
aad3f795-cb85-42a8-bb06-a1f99e4c1d76, 2e5b892d-b132-4cd1-b12c-8e7ad51103f2
aad3f795-cb85-42a8-bb06-a1f99e4c1d76, 985133f2-d715-4761-a117-228421e8921b
aad3f795-cb85-42a8-bb06-a1f99e4c1d76, ddde437d-9544-4f82-9b8b-9ad9edf5ba40
aad3f795-cb85-42a8-bb06-a1f99e4c1d76, 7ac4aff2-80e2-42f2-9d37-c7365efc1ab1
aad3f795-cb85-42a8-bb06-a1f99e4c1d76, 0f1e9d0a-ed81-4ca9-9981-9e789e3361c8
8ca579ff-e7bd-422a-824a-c753db6d893a, c4414ec8-1180-4cc8-a98a-f1d7fff86075
8ca579ff-e7bd-422a-824a-c753db6d893a, 9d4bb3b2-642c-4980-9f86-5ba7246b98d4
8ca579ff-e7bd-422a-824a-c753db6d893a, 0c0583cc-9e9c-45c8-b6af-5f88364f4943
f95c886b-3ac4-46fd-88fa-37d1d2152a86, 280996e4-d97a-425e-a0f9-c9d2e5f5c3e4
b068eb64-c388-40ed-968f-6217a243213a, a2ec25ec-1dd6-4aae-92fb-586dd79bf678
f95c886b-3ac4-46fd-88fa-37d1d2152a86, ef81172d-5c92-4469-806c-74c6f7d664f2
f95c886b-3ac4-46fd-88fa-37d1d2152a86, 37734960-a292-4fc2-b840-6a8c61046cf6
f95c886b-3ac4-46fd-88fa-37d1d2152a86, 3618652b-ac83-48a2-8277-28f59a86e510
f95c886b-3ac4-46fd-88fa-37d1d2152a86, ac1b799c-3f03-415d-b19c-a90aba9c3c78
f95c886b-3ac4-46fd-88fa-37d1d2152a86, 249bfa4a-8d8c-4137-aaca-279ae7a454b4
f95c886b-3ac4-46fd-88fa-37d1d2152a86, 7468b8d6-de7f-491c-80a9-e7e3ca5aa0b6
92d06400-8761-46d1-8a73-bdb26db70ac1, 589d2690-4e9f-4a77-b4e0-291e068e2abc
842ce135-c0cf-4ef8-85d3-c38f9e2172b2, b0755aa7-9e6c-441b-999f-9309b2fb01b5
842ce135-c0cf-4ef8-85d3-c38f9e2172b2, 41600df6-9acc-41bc-a5e0-fb526ea48b0f
b068eb64-c388-40ed-968f-6217a243213a, 9024e0e5-d0bb-4956-b09f-c0662eef49d9
b068eb64-c388-40ed-968f-6217a243213a, d703dd52-4a7b-4ffd-9cbd-fca9f583a03c
b068eb64-c388-40ed-968f-6217a243213a, 4a974ae7-1e73-416e-b42b-95f38065e7f2
b068eb64-c388-40ed-968f-6217a243213a, 4290d05a-7e89-4d3b-9127-bfee3fc6f1c7
b068eb64-c388-40ed-968f-6217a243213a, 5a5909c7-166c-4531-b926-61eeb0e6bc09
b068eb64-c388-40ed-968f-6217a243213a, 0a8fb81f-5551-4d73-b6ff-de90d5e86bf9
b068eb64-c388-40ed-968f-6217a243213a, 52e51f31-f4c6-4297-98af-1de34b061afc
b068eb64-c388-40ed-968f-6217a243213a, 9d0398ed-a9b7-4f5e-829a-74add8167b59
842ce135-c0cf-4ef8-85d3-c38f9e2172b2, 602d30b2-511d-4e86-9443-6c43dce31bed
842ce135-c0cf-4ef8-85d3-c38f9e2172b2, e8aec061-64c8-4cee-82aa-0874ba084139
777ed631-7f26-42f5-b41c-6495a5532baa, a3a27f9a-61e4-47ac-9da5-3efd3afdce06
93d8b393-c6a5-40e1-b3cc-332c797f57d9, eada94cc-3afd-4a95-b65c-e79244c049fe
520aabad-dc6c-4175-a0c0-86ed6234ea94, 84939127-b329-4ec7-86e4-0775a83ee124
520aabad-dc6c-4175-a0c0-86ed6234ea94, 57325940-6345-4066-b7f2-1a19ba0e7901
520aabad-dc6c-4175-a0c0-86ed6234ea94, 79777593-3ac7-4d35-9ea5-428c719b90e9
520aabad-dc6c-4175-a0c0-86ed6234ea94, 48d069eb-a56e-485f-b7e9-3bdd4f90e50a
36a6881c-66e4-4d46-bef9-921676f317b2, d2268bdc-330d-4813-a5e1-a714e66b6ecb
20129fd4-6923-40c2-9e5f-e438ff23ab90, e7cadd68-9430-46fe-a158-85628938acf5
20129fd4-6923-40c2-9e5f-e438ff23ab90, 1689f75c-a9bb-4a74-b466-8bc54936de84
20129fd4-6923-40c2-9e5f-e438ff23ab90, eca768f0-c549-4270-ace2-b3f63eb32c2a
20129fd4-6923-40c2-9e5f-e438ff23ab90, fe962480-4a33-428f-a54d-834e23901969
b6107b37-b408-4c9f-a4bb-8f93255e2be1, da525d47-f466-4797-b676-d46ab93cfb1b
b6107b37-b408-4c9f-a4bb-8f93255e2be1, 6e8b5237-4c0f-4c78-9150-983e1debd115
b6107b37-b408-4c9f-a4bb-8f93255e2be1, 0d1a1a0f-4c49-416d-9f70-759166f5d659
b6107b37-b408-4c9f-a4bb-8f93255e2be1, 547d6618-cf21-403c-91e2-160ed603b318
b6107b37-b408-4c9f-a4bb-8f93255e2be1, a4ee2da0-bc7f-4f4c-886a-e1adc71b35dd
b6107b37-b408-4c9f-a4bb-8f93255e2be1, 5f5a44d0-446b-4fe0-8c6b-18e9322c01bc
3f9bb910-ddc8-4011-bad6-16e6562f4b0a, 550b24cd-276e-481b-9b8b-c3cde5981de3
3f9bb910-ddc8-4011-bad6-16e6562f4b0a, 9b69621e-0241-4cad-bfa2-84a5b7c9e650
3f9bb910-ddc8-4011-bad6-16e6562f4b0a, ed3541fa-5ab5-4ce3-9d19-07f9e7701c8a
3f9bb910-ddc8-4011-bad6-16e6562f4b0a, 9786238e-066f-4e8b-9c86-fc418ad6a03d
3f9bb910-ddc8-4011-bad6-16e6562f4b0a, fecaa3a8-5304-43d6-8641-0106cee9101e
36a6881c-66e4-4d46-bef9-921676f317b2, 01cc58ef-3943-4311-b0f0-9e0aabc6cb08
36a6881c-66e4-4d46-bef9-921676f317b2, 3205393d-13da-4e33-9d22-55e14544b30f
36a6881c-66e4-4d46-bef9-921676f317b2, 2533d8ba-695a-45d1-8fd3-c78bac664497
36a6881c-66e4-4d46-bef9-921676f317b2, 11a00c23-b388-44eb-9da6-0031da23fd7a
36a6881c-66e4-4d46-bef9-921676f317b2, 2c1346ab-bf18-42b0-ac6f-6ecdb26dcbdd
36a6881c-66e4-4d46-bef9-921676f317b2, f1b877b6-4d65-4501-bcaa-5beb5cb5397d
36a6881c-66e4-4d46-bef9-921676f317b2, 96e8f9bb-c28e-4ca4-a2c4-e682018afea7
36a6881c-66e4-4d46-bef9-921676f317b2, d1fe37b1-4947-46be-aeba-9eac8f1d2cde
36a6881c-66e4-4d46-bef9-921676f317b2, 0ca0fd8e-a03d-4942-8470-9322fbc3583b
36a6881c-66e4-4d46-bef9-921676f317b2, fcfb6d2b-d83c-4f8b-b86a-016cee1e62ab
36a6881c-66e4-4d46-bef9-921676f317b2, 97cfe6fe-4f11-4bc1-87da-19e4fcdf239a
a298c0ff-6b62-4919-8537-415eb69d6fa4, 212bff40-1bd7-4fa5-b8a3-877423bc34ce
a298c0ff-6b62-4919-8537-415eb69d6fa4, 7c7fbf69-fb4e-41c1-996e-83f1a3934ba2
a298c0ff-6b62-4919-8537-415eb69d6fa4, fc3846b8-0305-488d-ac37-fc471f5af991
a298c0ff-6b62-4919-8537-415eb69d6fa4, 86d45362-6440-4b92-89bd-61d833698175
a298c0ff-6b62-4919-8537-415eb69d6fa4, b5698ea5-8ae2-42c5-b19e-6254e850a70d
75c56b81-6b4e-4b3e-aa41-45b26d94ea65, 1d1450be-f5d6-45b5-ae8a-d6a14e9e538e
75c56b81-6b4e-4b3e-aa41-45b26d94ea65, dc8b0951-7722-4da2-8f29-bd8599d1cb75
f857ba99-15b1-4e56-a144-62e199346e13, a74052cd-1843-4042-9c2a-cbc4393c37ee
f857ba99-15b1-4e56-a144-62e199346e13, 8c0b8990-8d73-417e-87a7-1bf0369eabce
f857ba99-15b1-4e56-a144-62e199346e13, 2dbcf643-3beb-4044-8f84-188859c601a1
777ed631-7f26-42f5-b41c-6495a5532baa, aae9c115-4f88-438f-83cd-9b255a5bb69b
777ed631-7f26-42f5-b41c-6495a5532baa, bbb95f1b-8988-4dfb-9fd2-cff684cebb61
777ed631-7f26-42f5-b41c-6495a5532baa, 92cd30cb-52a5-4f9e-9990-ad0f2b4031b6
777ed631-7f26-42f5-b41c-6495a5532baa, d97ef253-a11b-402e-b454-7b95f0cde69c
777ed631-7f26-42f5-b41c-6495a5532baa, 8ee6bdcb-162f-408e-ac6d-00613139325a
777ed631-7f26-42f5-b41c-6495a5532baa, ad06b31f-58ca-4ec3-8271-1843a2220538
777ed631-7f26-42f5-b41c-6495a5532baa, 79cb67f3-fae7-4670-9a3d-6cacc84b2f95
777ed631-7f26-42f5-b41c-6495a5532baa, 74fd8a01-e327-4ab3-925a-e97b5fe90667
436b544a-7a8f-4a34-a40a-a5650ec93d36, 0fb723c6-bb13-468e-9139-0322f4f36403
436b544a-7a8f-4a34-a40a-a5650ec93d36, 28593a26-38d2-4651-a830-efe72e4a85ae
436b544a-7a8f-4a34-a40a-a5650ec93d36, eef12d75-8add-4cb0-94f3-08e8717c4a9c
436b544a-7a8f-4a34-a40a-a5650ec93d36, 8a270e8d-2e7f-4f4f-8514-0b9a02aa0ea7
436b544a-7a8f-4a34-a40a-a5650ec93d36, 24aac1e4-ff43-4581-800f-f3c28319571e
436b544a-7a8f-4a34-a40a-a5650ec93d36, b092cb4a-a553-4258-8188-b15ae5386c53
229e1b88-4cfc-45cc-9ebe-1731f3422c07, db35d633-3cf4-409b-84fe-ee8c495d0b90
229e1b88-4cfc-45cc-9ebe-1731f3422c07, 9aec346f-5033-4a8e-861c-f8bd0f7c2504
229e1b88-4cfc-45cc-9ebe-1731f3422c07, 5f032a3f-1581-4d0b-805f-395b9c1e304c
92d06400-8761-46d1-8a73-bdb26db70ac1, d10ebe6f-1375-489d-9390-bcd9b8d380f8
93d8b393-c6a5-40e1-b3cc-332c797f57d9, 8f4885c1-d8e8-4055-aae6-626286d32b91
93d8b393-c6a5-40e1-b3cc-332c797f57d9, b5fdc73c-de3b-44d9-921a-2bc633749aac
93d8b393-c6a5-40e1-b3cc-332c797f57d9, 3adad56c-3a08-4565-93d8-1f242b900107
93d8b393-c6a5-40e1-b3cc-332c797f57d9, d706cf56-bfa0-4246-95a4-9763ffebad8d
93d8b393-c6a5-40e1-b3cc-332c797f57d9, b4c4ef51-9f1c-42fa-a2b2-80eb17fa3136
93d8b393-c6a5-40e1-b3cc-332c797f57d9, ac44d6ad-b0b3-4a6d-841a-b036b9d7d184
93d8b393-c6a5-40e1-b3cc-332c797f57d9, 1f71bd56-fd0b-41b2-b1aa-d58a538bf27f
93d8b393-c6a5-40e1-b3cc-332c797f57d9, 4686ab63-ebd4-4b4b-ae0f-d9edae75c8b7
93d8b393-c6a5-40e1-b3cc-332c797f57d9, fd0af6b5-863d-448e-bd52-51945a8cb370
93d8b393-c6a5-40e1-b3cc-332c797f57d9, a99eeed2-a9c0-417c-b796-8c5977246f7a
0b69b144-c48a-4e49-b675-81846cf07544, 506b3563-08b4-4f39-93b8-58828c9a7029
a9f43076-e88b-4819-b7fb-f20fa0093d6f, 8612a0f3-d0ec-43c3-99c1-5a3384f65b8e
a9f43076-e88b-4819-b7fb-f20fa0093d6f, dad51894-fb80-445d-bed6-94adf5f5dcaa
842ce135-c0cf-4ef8-85d3-c38f9e2172b2, d9767547-7e68-418e-b074-c5b641af6e78
a9f43076-e88b-4819-b7fb-f20fa0093d6f, c2dad682-b769-4396-a0c2-658a76c6c37c
a9f43076-e88b-4819-b7fb-f20fa0093d6f, c9626370-1853-42be-95bd-0744e6272101
92d06400-8761-46d1-8a73-bdb26db70ac1, d70f7215-e3a4-4116-8aac-a6f68b6a70dd
a9f43076-e88b-4819-b7fb-f20fa0093d6f, b3e7c39d-607e-413f-8e0f-6b20c6cde56e
a9f43076-e88b-4819-b7fb-f20fa0093d6f, f8595705-345e-4b47-afa9-cca5ce49dcee
a9f43076-e88b-4819-b7fb-f20fa0093d6f, 6d82471f-ed04-4e79-bf7b-972cbbc6c16d
a9f43076-e88b-4819-b7fb-f20fa0093d6f, 150c456f-ef0b-47b3-bdca-03121c097230
a9f43076-e88b-4819-b7fb-f20fa0093d6f, c6aaaba1-dee0-4ea0-9aed-00541bf1c857
a9f43076-e88b-4819-b7fb-f20fa0093d6f, 905db516-ce16-4ecf-9d8b-4598f9bc62bc
a9f43076-e88b-4819-b7fb-f20fa0093d6f, 80525445-0d90-4721-a342-5fc07dd59366
a9f43076-e88b-4819-b7fb-f20fa0093d6f, 953df224-28c1-43fc-b223-95057c1e2c5b
a9f43076-e88b-4819-b7fb-f20fa0093d6f, d7cfc2cd-b2a7-45a4-8114-9f15f119987f
e32f1394-11fb-44a9-b9f4-39f0b954e8bc, 20d8f671-9abe-4aea-8271-ef66de956329
e32f1394-11fb-44a9-b9f4-39f0b954e8bc, 62274ff6-80df-4d9a-8d69-eaf78d72aa40
e32f1394-11fb-44a9-b9f4-39f0b954e8bc, a787a807-d89c-4dc7-b93c-d310aefe901e
e32f1394-11fb-44a9-b9f4-39f0b954e8bc, e26363f8-f9db-4e77-9e4e-6aa1f8e47d25
e32f1394-11fb-44a9-b9f4-39f0b954e8bc, fcbc9097-5f87-43d4-bf04-523e82dfe99b
e32f1394-11fb-44a9-b9f4-39f0b954e8bc, 9bc6837b-e529-4bee-bc6e-29dce6b97474
e32f1394-11fb-44a9-b9f4-39f0b954e8bc, 925a89ec-8708-4c2a-bbc0-c4153c019fe1
e32f1394-11fb-44a9-b9f4-39f0b954e8bc, e0304882-3c99-4871-a3e4-e2aff4bcbab0
e32f1394-11fb-44a9-b9f4-39f0b954e8bc, aefa9baa-295a-49b3-b345-0f934e5126c1
e32f1394-11fb-44a9-b9f4-39f0b954e8bc, 5e1c2354-c8ee-4232-8e1e-d9762c8a6b01
e32f1394-11fb-44a9-b9f4-39f0b954e8bc, 8b5d0ae6-1506-40fe-b4b0-bcf28a7d1dda
e32f1394-11fb-44a9-b9f4-39f0b954e8bc, 5f8c4f5b-0990-442c-8d86-e265d1bb59d7
e32f1394-11fb-44a9-b9f4-39f0b954e8bc, 5a950ccb-508c-47a7-b0b8-30ee71d9280c
e32f1394-11fb-44a9-b9f4-39f0b954e8bc, 4bc7aece-debc-4c59-93fa-3e96092fe942
f13dc44d-715f-4816-9f1d-95c53608c9ae, 1d18a84e-6810-4080-b957-47051d55db24
f13dc44d-715f-4816-9f1d-95c53608c9ae, 271719f7-0410-4b86-a3b2-18c5dc284729
f13dc44d-715f-4816-9f1d-95c53608c9ae, 2dbaa679-571b-4f69-9426-665709b51490
f13dc44d-715f-4816-9f1d-95c53608c9ae, f19a7d06-4065-4c9a-ac42-ef66902ee52e
f13dc44d-715f-4816-9f1d-95c53608c9ae, c259b917-fb9c-4c23-b67b-5793d7cf20f5
75c56b81-6b4e-4b3e-aa41-45b26d94ea65, 4b2158b1-96ac-4fc1-a7aa-a3fd16be15d4
75c56b81-6b4e-4b3e-aa41-45b26d94ea65, 95f68c12-6b19-420d-9aad-4806a106ae47
75c56b81-6b4e-4b3e-aa41-45b26d94ea65, 25953a66-bcf3-4e9d-8bd7-833f1eeb7887
75c56b81-6b4e-4b3e-aa41-45b26d94ea65, 4179e329-a41e-4117-8740-9e96451430e1
75c56b81-6b4e-4b3e-aa41-45b26d94ea65, dff668ba-118b-49cc-95f2-9ae912d54c1e
75c56b81-6b4e-4b3e-aa41-45b26d94ea65, bab9e638-2b90-4115-b2cb-4f58e77073ad
75c56b81-6b4e-4b3e-aa41-45b26d94ea65, 600be380-67c9-42da-b152-b6227954ccb9
75c56b81-6b4e-4b3e-aa41-45b26d94ea65, 2cf797ab-56af-4194-a617-c17f1e67682f
75c56b81-6b4e-4b3e-aa41-45b26d94ea65, fbc73b16-621c-4426-87bb-a248286e06bc
666907c0-08c9-478d-8a6c-75f5b3d4991a, c7dd10d0-a98d-476f-8b2e-fdd053aa6403
666907c0-08c9-478d-8a6c-75f5b3d4991a, 3d9aac3d-9ce9-4e53-9bcc-a7784bd0e26d
666907c0-08c9-478d-8a6c-75f5b3d4991a, 1a1c17a0-f92a-44f3-9fec-08db8e8b3fd9
666907c0-08c9-478d-8a6c-75f5b3d4991a, 5b3cb074-d883-4524-a221-981bfae7e6c7
92d06400-8761-46d1-8a73-bdb26db70ac1, 32645ad8-5a53-4983-8a53-669ca673702b
92d06400-8761-46d1-8a73-bdb26db70ac1, 7b1465e2-57ad-4205-8b58-64c463018fb4
92d06400-8761-46d1-8a73-bdb26db70ac1, f68b1cd2-5337-48be-a03e-1c846ab4f29b
92d06400-8761-46d1-8a73-bdb26db70ac1, b48a426b-efcf-4b06-b0cd-f9de66cda9df
842ce135-c0cf-4ef8-85d3-c38f9e2172b2, 9ba167fe-7711-405e-9176-906edd84313e
842ce135-c0cf-4ef8-85d3-c38f9e2172b2, e4e14188-6c10-406f-a102-80526ac28ce0
ba48a5a8-a642-43f9-bab8-ca986bb69e00, 170a3364-634e-4d2e-ac9e-5a119f874df7
ba48a5a8-a642-43f9-bab8-ca986bb69e00, fe278472-e240-4b5c-8d72-4d598c1f0b61
ba48a5a8-a642-43f9-bab8-ca986bb69e00, ab8ffb5a-99bc-458a-91e5-983944c05445
ba48a5a8-a642-43f9-bab8-ca986bb69e00, b6d1fe1c-6942-4ad0-96fb-11ca38392c7c
ba48a5a8-a642-43f9-bab8-ca986bb69e00, 3b1e9e3f-ae47-4249-88f4-469dc0cf7e52
ba48a5a8-a642-43f9-bab8-ca986bb69e00, 43da3ef7-deb2-43f2-8ed7-d1a39ae85559
ba48a5a8-a642-43f9-bab8-ca986bb69e00, 0b41bc93-98f4-426f-a2e3-094988bf3e03
ba48a5a8-a642-43f9-bab8-ca986bb69e00, cb5296c0-8520-4f58-acf9-535ad43a3d45
f996e689-94f8-46cd-87b3-bc4ea35a3821, 7026f22c-9827-4067-8c2d-f0b09bf04c2f
cca462ee-f958-4818-87f5-ed57d6cb5ff8, 6f3714c2-a1cc-4eb4-ba4e-d41981f5812c
cca462ee-f958-4818-87f5-ed57d6cb5ff8, d54a2ffa-0b58-4c7a-b817-f7e32b055c37
cca462ee-f958-4818-87f5-ed57d6cb5ff8, 6970089b-d1a2-4708-ba53-b2f855ec27e5
cca462ee-f958-4818-87f5-ed57d6cb5ff8, 33bbc134-2a9e-452f-b143-2015417b5617
f996e689-94f8-46cd-87b3-bc4ea35a3821, e7eafdbd-6252-4683-931b-049c6d82d963
cca462ee-f958-4818-87f5-ed57d6cb5ff8, 156f2440-5668-4da0-90df-407027bdfdf0
f996e689-94f8-46cd-87b3-bc4ea35a3821, 427be8a9-7b9c-4e3b-95b6-43398277ba3f
cca462ee-f958-4818-87f5-ed57d6cb5ff8, a4949b29-e7c5-4adf-bcee-183288f73dcb
cca462ee-f958-4818-87f5-ed57d6cb5ff8, 278d9555-4af2-4f03-ac7c-3a38525f21f1
cca462ee-f958-4818-87f5-ed57d6cb5ff8, f7cc7e5a-7995-4e56-85b2-39fd29658953
85c3ffb8-63c0-4ee1-8701-05a05d7b5736, 5864d519-55de-4e49-a663-7bb91d40c027
f996e689-94f8-46cd-87b3-bc4ea35a3821, 8d367e78-8cb1-415e-9a16-1b417fcb0e63
85c3ffb8-63c0-4ee1-8701-05a05d7b5736, 04f6ef36-f574-4e43-9b4d-05c88f0bd413
85c3ffb8-63c0-4ee1-8701-05a05d7b5736, 4c312dc3-61ed-433c-b470-8f3f6ff40a52
85c3ffb8-63c0-4ee1-8701-05a05d7b5736, f4059000-c705-4f28-a04d-253f54b0b65f
6fd72c55-016b-48ae-8bbb-d43014e577ca, 46cd8f72-168f-4b27-b7fc-6261bb7084c2
6fd72c55-016b-48ae-8bbb-d43014e577ca, 5f4546ee-3032-4c48-a0bf-0d62a8f23869
6fd72c55-016b-48ae-8bbb-d43014e577ca, 0c951f00-8160-4d94-bae5-b816aadf577b
6fd72c55-016b-48ae-8bbb-d43014e577ca, e1b8a323-b877-4610-ac74-fb91f15c7549
6fd72c55-016b-48ae-8bbb-d43014e577ca, 4923523b-afd6-4526-9142-bcc18a82f05d
6fd72c55-016b-48ae-8bbb-d43014e577ca, 36835352-80b8-4746-bb5d-378c0bf2e654
72c348d3-803f-4a4b-8314-17f940bbd47e, 4fdedee0-087c-4ab1-8c89-357d28324dfd
72c348d3-803f-4a4b-8314-17f940bbd47e, 34de0184-2ce8-404d-ab76-06fd0ab32a2a
72c348d3-803f-4a4b-8314-17f940bbd47e, 639cfaf0-0082-4105-8373-229a42ab8d49
72c348d3-803f-4a4b-8314-17f940bbd47e, 64229365-5922-4b58-bfa1-2f8d7f3cc0fa
72c348d3-803f-4a4b-8314-17f940bbd47e, ed7c2fa0-dbfb-4efe-a9c9-2748738ce66b
72c348d3-803f-4a4b-8314-17f940bbd47e, acf6aa69-1e63-4d92-a7b1-5582745b6205
f996e689-94f8-46cd-87b3-bc4ea35a3821, 7cd9f10f-a81f-40d8-9363-0c9ed83e089e
f996e689-94f8-46cd-87b3-bc4ea35a3821, 7f7536a6-b8e0-4ea3-9ade-ef6a8f9bac34
f996e689-94f8-46cd-87b3-bc4ea35a3821, 1eec979a-906a-4745-9963-1a0d764a914f
f996e689-94f8-46cd-87b3-bc4ea35a3821, bcfc33bc-4a73-4355-a583-e023c2d09a20
f996e689-94f8-46cd-87b3-bc4ea35a3821, 0c33c462-7e17-4ba1-aad2-9fb4ac072349
e4d27164-6eea-4006-8436-cf73358c4cd3, 4c04d13c-67ca-4bb2-b03f-7e502918a9c8
e4d27164-6eea-4006-8436-cf73358c4cd3, 6fd9cbcd-1647-462e-9d87-9e6ac50f96eb
e4d27164-6eea-4006-8436-cf73358c4cd3, c8e57e7b-c4e0-4317-9282-eb493d8ad9c5
